-- =============================================================================
-- UnityESS Technical Compliance Portal — Seed Data
-- Matches the mock data shown in the frontend HTML pages
-- Run AFTER schema.sql
-- =============================================================================

-- ---------------------------------------------------------------------------
-- USERS
-- ---------------------------------------------------------------------------
INSERT INTO users (id, email, full_name, role, organisation) VALUES
    ('a1000000-0000-0000-0000-000000000001', 'kedar@ornatesolar.com',      'Kedar Bala',         'admin',      'Ornate Agencies Pvt. Ltd.'),
    ('a1000000-0000-0000-0000-000000000002', 'ravi.sharma@ornatesolar.com','Ravi Sharma',        'engineer',   'Ornate Agencies Pvt. Ltd.'),
    ('a1000000-0000-0000-0000-000000000003', 'priya.nair@ornatesolar.com', 'Priya Nair',         'reviewer',   'Ornate Agencies Pvt. Ltd.'),
    ('a1000000-0000-0000-0000-000000000004', 'arun.mehta@ornatesolar.com', 'Arun Mehta',         'commercial', 'Ornate Agencies Pvt. Ltd.'),
    ('a1000000-0000-0000-0000-000000000005', 'vijay.k@sunsure.in',         'Vijay Kumar',        'customer',   'SunSure Energy Pvt. Ltd.'),
    ('a1000000-0000-0000-0000-000000000006', 'admin@bijleesolar.com',      'Sneha Reddy',        'customer',   'Bijlee Solar Pvt. Ltd.'),
    ('a1000000-0000-0000-0000-000000000007', 'procurement@amrita.edu',     'Dr. Ramesh Iyer',    'customer',   'Amrita Hospitals'),
    ('a1000000-0000-0000-0000-000000000008', 'tech@bspgcl.bih.nic.in',     'P.K. Srivastava',   'customer',   'BSPGCL')
ON CONFLICT (id) DO NOTHING;

-- ---------------------------------------------------------------------------
-- OEMS
-- ---------------------------------------------------------------------------
INSERT INTO oems (id, name, country_of_origin, website, is_approved, created_by) VALUES
    ('b1000000-0000-0000-0000-000000000001', 'CATL',        'China',  'https://www.catl.com',        TRUE,  'a1000000-0000-0000-0000-000000000001'),
    ('b1000000-0000-0000-0000-000000000002', 'BYD',         'China',  'https://www.byd.com',         TRUE,  'a1000000-0000-0000-0000-000000000001'),
    ('b1000000-0000-0000-0000-000000000003', 'EVE Energy',  'China',  'https://www.evebattery.com',  TRUE,  'a1000000-0000-0000-0000-000000000001'),
    ('b1000000-0000-0000-0000-000000000004', 'REPT',        'China',  'https://www.reptbattery.com', TRUE,  'a1000000-0000-0000-0000-000000000001'),
    ('b1000000-0000-0000-0000-000000000005', 'Sungrow',     'China',  'https://www.sungrowpower.com',TRUE,  'a1000000-0000-0000-0000-000000000001'),
    ('b1000000-0000-0000-0000-000000000006', 'Huawei',      'China',  'https://solar.huawei.com',    TRUE,  'a1000000-0000-0000-0000-000000000001'),
    ('b1000000-0000-0000-0000-000000000007', 'SMA',         'Germany','https://www.sma.de',          TRUE,  'a1000000-0000-0000-0000-000000000001'),
    ('b1000000-0000-0000-0000-000000000008', 'Nantong Liance', 'China', NULL,                        FALSE, 'a1000000-0000-0000-0000-000000000002')
ON CONFLICT (id) DO NOTHING;

-- ---------------------------------------------------------------------------
-- COMPONENT TYPES
-- ---------------------------------------------------------------------------
INSERT INTO component_types (id, name, category, description) VALUES
    ('c1000000-0000-0000-0000-000000000001', 'LFP Cell 280Ah',       'battery_cell',       'Lithium Iron Phosphate prismatic cell, 280Ah class'),
    ('c1000000-0000-0000-0000-000000000002', 'LFP Cell 314Ah',       'battery_cell',       'Lithium Iron Phosphate prismatic cell, 314Ah class'),
    ('c1000000-0000-0000-0000-000000000003', 'Battery Module 16S',   'battery_module',     '16-cell series module'),
    ('c1000000-0000-0000-0000-000000000004', 'PCS 125kW',            'pcs',                'Power Conversion System, 125kW three-phase'),
    ('c1000000-0000-0000-0000-000000000005', 'PCS 250kW',            'pcs',                'Power Conversion System, 250kW three-phase'),
    ('c1000000-0000-0000-0000-000000000006', 'BMS Rack Level',       'bms',                'Battery Management System, rack level'),
    ('c1000000-0000-0000-0000-000000000007', 'Thermal Management',   'thermal_management', 'Liquid cooling / air cooling system'),
    ('c1000000-0000-0000-0000-000000000008', 'Fire Suppression',     'fire_suppression',   'Aerosol / FM200 fire suppression')
ON CONFLICT (id) DO NOTHING;

-- ---------------------------------------------------------------------------
-- COMPONENT MODELS
-- ---------------------------------------------------------------------------
INSERT INTO component_models (id, oem_id, component_type_id, model_name, fill_rate, compliance_score, created_by) VALUES
    ('d1000000-0000-0000-0000-000000000001', 'b1000000-0000-0000-0000-000000000001', 'c1000000-0000-0000-0000-000000000001', 'CATL LFP280Ah-EVE',    96.0, 94.5, 'a1000000-0000-0000-0000-000000000002'),
    ('d1000000-0000-0000-0000-000000000002', 'b1000000-0000-0000-0000-000000000003', 'c1000000-0000-0000-0000-000000000001', 'EVE LF280K',           91.0, 88.2, 'a1000000-0000-0000-0000-000000000002'),
    ('d1000000-0000-0000-0000-000000000003', 'b1000000-0000-0000-0000-000000000004', 'c1000000-0000-0000-0000-000000000001', 'REPT 280Ah Grade-A',   84.0, 79.6, 'a1000000-0000-0000-0000-000000000002'),
    ('d1000000-0000-0000-0000-000000000004', 'b1000000-0000-0000-0000-000000000002', 'c1000000-0000-0000-0000-000000000002', 'BYD LFP 314Ah B-Plus', 98.0, 96.1, 'a1000000-0000-0000-0000-000000000002'),
    ('d1000000-0000-0000-0000-000000000005', 'b1000000-0000-0000-0000-000000000005', 'c1000000-0000-0000-0000-000000000004', 'Sungrow SC125HV',      89.0, 87.4, 'a1000000-0000-0000-0000-000000000002'),
    ('d1000000-0000-0000-0000-000000000006', 'b1000000-0000-0000-0000-000000000006', 'c1000000-0000-0000-0000-000000000004', 'Huawei LUNA2000-100',  95.0, 92.8, 'a1000000-0000-0000-0000-000000000002'),
    ('d1000000-0000-0000-0000-000000000007', 'b1000000-0000-0000-0000-000000000007', 'c1000000-0000-0000-0000-000000000005', 'SMA SB250-10',         93.0, 91.0, 'a1000000-0000-0000-0000-000000000002'),
    ('d1000000-0000-0000-0000-000000000008', 'b1000000-0000-0000-0000-000000000008', 'c1000000-0000-0000-0000-000000000001', 'Nantong LC-280P',      67.0, 61.3, 'a1000000-0000-0000-0000-000000000002')
ON CONFLICT (id) DO NOTHING;

-- ---------------------------------------------------------------------------
-- STANDARD PARAMETERS — LFP Cell 280Ah
-- ---------------------------------------------------------------------------
INSERT INTO standard_parameters (id, component_type_id, code, display_name, section, data_type, unit, is_mandatory, acceptance_min, acceptance_max, regulatory_ref, sort_order) VALUES
    ('e1000000-0000-0000-0000-000000000001', 'c1000000-0000-0000-0000-000000000001', 'NOM_VOLTAGE',    'Nominal Voltage',          'Electrical', 'numeric', 'V',    TRUE,  3.2,  3.3,   'IEC 62619 Cl. 5.1',   1),
    ('e1000000-0000-0000-0000-000000000002', 'c1000000-0000-0000-0000-000000000001', 'NOM_CAPACITY',   'Nominal Capacity',         'Electrical', 'numeric', 'Ah',   TRUE,  275,  285,   'IEC 62619 Cl. 5.2',   2),
    ('e1000000-0000-0000-0000-000000000003', 'c1000000-0000-0000-0000-000000000001', 'ENERGY_DENSITY', 'Gravimetric Energy Density','Electrical', 'numeric', 'Wh/kg',TRUE, 155,  NULL,  'IEC 62619 Cl. 5.3',   3),
    ('e1000000-0000-0000-0000-000000000004', 'c1000000-0000-0000-0000-000000000001', 'CYCLE_LIFE',     'Cycle Life @80% DOD',      'Electrical', 'numeric', 'cycles',TRUE,4000, NULL,  'IEC 62619 Cl. 7.1',   4),
    ('e1000000-0000-0000-0000-000000000005', 'c1000000-0000-0000-0000-000000000001', 'MAX_CHG_RATE',   'Max Charge C-Rate',        'Electrical', 'numeric', 'C',    FALSE, NULL, 1.0,   NULL,                  5),
    ('e1000000-0000-0000-0000-000000000006', 'c1000000-0000-0000-0000-000000000001', 'OPER_TEMP_CHG',  'Operating Temp (Charge)',  'Thermal',    'range',   '°C',   TRUE,  NULL, NULL,  'IEC 62619 Cl. 6.2',   6),
    ('e1000000-0000-0000-0000-000000000007', 'c1000000-0000-0000-0000-000000000001', 'OPER_TEMP_DIS',  'Operating Temp (Discharge)','Thermal',   'range',   '°C',   TRUE,  NULL, NULL,  'IEC 62619 Cl. 6.2',   7),
    ('e1000000-0000-0000-0000-000000000008', 'c1000000-0000-0000-0000-000000000001', 'IEC62619_CERT',  'IEC 62619 Certificate',    'Safety',     'boolean', NULL,   TRUE,  NULL, NULL,  'IEC 62619:2022',       8),
    ('e1000000-0000-0000-0000-000000000009', 'c1000000-0000-0000-0000-000000000001', 'UN38_3_CERT',    'UN 38.3 Transport Test',   'Safety',     'boolean', NULL,   TRUE,  NULL, NULL,  'UN 38.3 Rev.7',        9),
    ('e1000000-0000-0000-0000-000000000010', 'c1000000-0000-0000-0000-000000000001', 'COUNTRY_ORIGIN', 'Country of Origin',        'Origin',     'text',    NULL,   TRUE,  NULL, NULL,  'Make in India Policy',10),
    ('e1000000-0000-0000-0000-000000000011', 'c1000000-0000-0000-0000-000000000001', 'BIS_REG',        'BIS Registration',         'Origin',     'boolean', NULL,   FALSE, NULL, NULL,  'BIS IS 16270',        11)
ON CONFLICT (id) DO NOTHING;

-- ---------------------------------------------------------------------------
-- PARAMETER VALUES — CATL LFP280Ah (mostly AI-extracted)
-- ---------------------------------------------------------------------------
INSERT INTO parameter_values (id, component_model_id, standard_parameter_id, value_raw, confidence, source, is_verified) VALUES
    ('f1000000-0000-0000-0000-000000000001', 'd1000000-0000-0000-0000-000000000001', 'e1000000-0000-0000-0000-000000000001', '3.2',    0.98, 'ai',     TRUE),
    ('f1000000-0000-0000-0000-000000000002', 'd1000000-0000-0000-0000-000000000001', 'e1000000-0000-0000-0000-000000000002', '280',    0.97, 'ai',     TRUE),
    ('f1000000-0000-0000-0000-000000000003', 'd1000000-0000-0000-0000-000000000001', 'e1000000-0000-0000-0000-000000000003', '163',    0.94, 'ai',     TRUE),
    ('f1000000-0000-0000-0000-000000000004', 'd1000000-0000-0000-0000-000000000001', 'e1000000-0000-0000-0000-000000000004', '6000',   0.91, 'ai',     TRUE),
    ('f1000000-0000-0000-0000-000000000005', 'd1000000-0000-0000-0000-000000000001', 'e1000000-0000-0000-0000-000000000005', '0.5',    0.96, 'ai',     TRUE),
    ('f1000000-0000-0000-0000-000000000006', 'd1000000-0000-0000-0000-000000000001', 'e1000000-0000-0000-0000-000000000006', NULL,     0.88, 'ai',     FALSE),
    ('f1000000-0000-0000-0000-000000000007', 'd1000000-0000-0000-0000-000000000001', 'e1000000-0000-0000-0000-000000000007', NULL,     0.85, 'ai',     FALSE),
    ('f1000000-0000-0000-0000-000000000008', 'd1000000-0000-0000-0000-000000000001', 'e1000000-0000-0000-0000-000000000008', 'true',   0.99, 'manual', TRUE),
    ('f1000000-0000-0000-0000-000000000009', 'd1000000-0000-0000-0000-000000000001', 'e1000000-0000-0000-0000-000000000009', 'true',   0.99, 'manual', TRUE),
    ('f1000000-0000-0000-0000-000000000010', 'd1000000-0000-0000-0000-000000000001', 'e1000000-0000-0000-0000-000000000010', 'China',  0.99, 'manual', TRUE),
    ('f1000000-0000-0000-0000-000000000011', 'd1000000-0000-0000-0000-000000000001', 'e1000000-0000-0000-0000-000000000011', 'false',  0.99, 'manual', TRUE)
ON CONFLICT (id) DO NOTHING;

-- Update range values as JSONB for temperature params
UPDATE parameter_values SET value_jsonb = '{"min": 0, "max": 55}' WHERE id = 'f1000000-0000-0000-0000-000000000006';
UPDATE parameter_values SET value_jsonb = '{"min": -20, "max": 60}' WHERE id = 'f1000000-0000-0000-0000-000000000007';

-- ---------------------------------------------------------------------------
-- PROJECTS
-- ---------------------------------------------------------------------------
INSERT INTO projects (id, name, client_name, project_type, status, capacity_kwh, power_kw, location, state, customer_user_id, created_by) VALUES
    ('10000000-0000-0000-0000-000000000001', 'NTPC Barh BESS Phase-1',      'NTPC Ltd.',              'utility', 'active',    2610,  1250, 'Barh, Bihar',           'Bihar',         'a1000000-0000-0000-0000-000000000008', 'a1000000-0000-0000-0000-000000000001'),
    ('10000000-0000-0000-0000-000000000002', 'TNGECL Eagle Infra',          'TNGECL / Eagle Infra',   'utility', 'active',    1305,   625, 'Tuticorin, Tamil Nadu', 'Tamil Nadu',    'a1000000-0000-0000-0000-000000000006', 'a1000000-0000-0000-0000-000000000001'),
    ('10000000-0000-0000-0000-000000000003', 'Sitapur Solar+BESS Hybrid',   'Sitapur Power Pvt. Ltd.','hybrid',  'active',     522,   250, 'Sitapur, UP',           'Uttar Pradesh', 'a1000000-0000-0000-0000-000000000006', 'a1000000-0000-0000-0000-000000000001'),
    ('10000000-0000-0000-0000-000000000004', 'Amrita Hospital BTM BESS',    'Amrita Hospitals',       'btm',     'active',     261,   125, 'Kochi, Kerala',         'Kerala',        'a1000000-0000-0000-0000-000000000007', 'a1000000-0000-0000-0000-000000000001'),
    ('10000000-0000-0000-0000-000000000005', 'BSPGCL Bihar Grid Storage',   'BSPGCL',                 'utility', 'active',    5220,  2500, 'Muzaffarpur, Bihar',    'Bihar',         'a1000000-0000-0000-0000-000000000008', 'a1000000-0000-0000-0000-000000000001'),
    ('10000000-0000-0000-0000-000000000006', 'SunSure BESS C&I',            'SunSure Energy Pvt. Ltd.','ci',     'active',     522,   250, 'Gurugram, Haryana',     'Haryana',       'a1000000-0000-0000-0000-000000000005', 'a1000000-0000-0000-0000-000000000001')
ON CONFLICT (id) DO NOTHING;

-- ---------------------------------------------------------------------------
-- COMPLIANCE TEMPLATES
-- ---------------------------------------------------------------------------
INSERT INTO compliance_templates (id, name, component_type_id, description, created_by) VALUES
    ('20000000-0000-0000-0000-000000000001', 'Standard LFP Cell — IEC 62619', 'c1000000-0000-0000-0000-000000000001', 'Default template for LFP 280Ah cells per IEC 62619:2022', 'a1000000-0000-0000-0000-000000000001'),
    ('20000000-0000-0000-0000-000000000002', 'CERC BESS Regulation 2022',     'c1000000-0000-0000-0000-000000000001', 'Compliance template aligned to CERC BESS Regulations 2022', 'a1000000-0000-0000-0000-000000000001'),
    ('20000000-0000-0000-0000-000000000003', 'PCS Grid Compliance — CEA 2023','c1000000-0000-0000-0000-000000000004', 'CEA Grid Connectivity Standards 2023 for PCS units',       'a1000000-0000-0000-0000-000000000001')
ON CONFLICT (id) DO NOTHING;

INSERT INTO compliance_template_parameters (compliance_template_id, standard_parameter_id, sort_order)
SELECT '20000000-0000-0000-0000-000000000001', id, sort_order
FROM standard_parameters
WHERE component_type_id = 'c1000000-0000-0000-0000-000000000001'
ON CONFLICT DO NOTHING;

-- ---------------------------------------------------------------------------
-- TECHNICAL SHEETS
-- ---------------------------------------------------------------------------
INSERT INTO technical_sheets (id, sheet_number, project_id, component_model_id, compliance_template_id, stage, revision, compliance_score, pass_count, fail_count, waived_count, pending_count, is_locked, locked_at, locked_by, lock_hash, created_by) VALUES
    ('30000000-0000-0000-0000-000000000001', 'TCS-001', '10000000-0000-0000-0000-000000000001', 'd1000000-0000-0000-0000-000000000001', '20000000-0000-0000-0000-000000000001', 'technical_lead',     1, 90.9, 10, 1, 0, 0, FALSE, NULL, NULL, NULL, 'a1000000-0000-0000-0000-000000000002'),
    ('30000000-0000-0000-0000-000000000002', 'TCS-002', '10000000-0000-0000-0000-000000000002', 'd1000000-0000-0000-0000-000000000004', '20000000-0000-0000-0000-000000000001', 'management',         1, 100,  11, 0, 0, 0, FALSE, NULL, NULL, NULL, 'a1000000-0000-0000-0000-000000000002'),
    ('30000000-0000-0000-0000-000000000003', 'TCS-003', '10000000-0000-0000-0000-000000000003', 'd1000000-0000-0000-0000-000000000002', '20000000-0000-0000-0000-000000000001', 'engineering_review', 1, 81.8, 9,  1, 1, 0, FALSE, NULL, NULL, NULL, 'a1000000-0000-0000-0000-000000000002'),
    ('30000000-0000-0000-0000-000000000004', 'TCS-004', '10000000-0000-0000-0000-000000000004', 'd1000000-0000-0000-0000-000000000001', '20000000-0000-0000-0000-000000000001', 'customer_signoff',   1, 95.5, 10, 0, 1, 0, FALSE, NULL, NULL, NULL, 'a1000000-0000-0000-0000-000000000002'),
    ('30000000-0000-0000-0000-000000000005', 'TCS-005', '10000000-0000-0000-0000-000000000005', 'd1000000-0000-0000-0000-000000000001', '20000000-0000-0000-0000-000000000002', 'locked',             1, 98.2, 11, 0, 0, 0, TRUE,  NOW() - INTERVAL '5 days', 'a1000000-0000-0000-0000-000000000001', encode(digest('TCS-005-seed', 'sha256'), 'hex'), 'a1000000-0000-0000-0000-000000000002'),
    ('30000000-0000-0000-0000-000000000006', 'TCS-006', '10000000-0000-0000-0000-000000000006', 'd1000000-0000-0000-0000-000000000002', '20000000-0000-0000-0000-000000000001', 'draft',              2, 54.5, 6,  4, 1, 0, FALSE, NULL, NULL, NULL, 'a1000000-0000-0000-0000-000000000002'),
    ('30000000-0000-0000-0000-000000000007', 'TCS-007', '10000000-0000-0000-0000-000000000001', 'd1000000-0000-0000-0000-000000000005', '20000000-0000-0000-0000-000000000003', 'engineering_review', 1, 72.7, 8,  2, 1, 0, FALSE, NULL, NULL, NULL, 'a1000000-0000-0000-0000-000000000002')
ON CONFLICT (id) DO NOTHING;

-- ---------------------------------------------------------------------------
-- SHEET COMPLIANCE RESULTS — TCS-001 (CATL, technical_lead stage)
-- ---------------------------------------------------------------------------
INSERT INTO sheet_compliance_results (technical_sheet_id, standard_parameter_id, oem_value, status) VALUES
    ('30000000-0000-0000-0000-000000000001', 'e1000000-0000-0000-0000-000000000001', '3.2 V',      'pass'),
    ('30000000-0000-0000-0000-000000000001', 'e1000000-0000-0000-0000-000000000002', '280 Ah',     'pass'),
    ('30000000-0000-0000-0000-000000000001', 'e1000000-0000-0000-0000-000000000003', '163 Wh/kg',  'pass'),
    ('30000000-0000-0000-0000-000000000001', 'e1000000-0000-0000-0000-000000000004', '6000 cycles','pass'),
    ('30000000-0000-0000-0000-000000000001', 'e1000000-0000-0000-0000-000000000005', '0.5C',       'pass'),
    ('30000000-0000-0000-0000-000000000001', 'e1000000-0000-0000-0000-000000000006', '0–55°C',     'pass'),
    ('30000000-0000-0000-0000-000000000001', 'e1000000-0000-0000-0000-000000000007', '-20–60°C',   'pass'),
    ('30000000-0000-0000-0000-000000000001', 'e1000000-0000-0000-0000-000000000008', 'Yes',        'pass'),
    ('30000000-0000-0000-0000-000000000001', 'e1000000-0000-0000-0000-000000000009', 'Yes',        'pass'),
    ('30000000-0000-0000-0000-000000000001', 'e1000000-0000-0000-0000-000000000010', 'China',      'fail'),
    ('30000000-0000-0000-0000-000000000001', 'e1000000-0000-0000-0000-000000000011', 'No',         'pass')
ON CONFLICT DO NOTHING;

-- ---------------------------------------------------------------------------
-- APPROVAL WORKFLOWS
-- ---------------------------------------------------------------------------
INSERT INTO approval_workflows (id, workflow_number, technical_sheet_id, current_stage, assigned_to) VALUES
    ('40000000-0000-0000-0000-000000000001', 'WF-001', '30000000-0000-0000-0000-000000000001', 'technical_lead',     'a1000000-0000-0000-0000-000000000003'),
    ('40000000-0000-0000-0000-000000000002', 'WF-002', '30000000-0000-0000-0000-000000000002', 'management',         'a1000000-0000-0000-0000-000000000004'),
    ('40000000-0000-0000-0000-000000000003', 'WF-003', '30000000-0000-0000-0000-000000000003', 'engineering_review', 'a1000000-0000-0000-0000-000000000003'),
    ('40000000-0000-0000-0000-000000000004', 'WF-004', '30000000-0000-0000-0000-000000000004', 'customer_signoff',   'a1000000-0000-0000-0000-000000000007'),
    ('40000000-0000-0000-0000-000000000005', 'WF-005', '30000000-0000-0000-0000-000000000005', 'locked',             NULL),
    ('40000000-0000-0000-0000-000000000006', 'WF-006', '30000000-0000-0000-0000-000000000006', 'draft',              'a1000000-0000-0000-0000-000000000002'),
    ('40000000-0000-0000-0000-000000000007', 'WF-007', '30000000-0000-0000-0000-000000000007', 'engineering_review', 'a1000000-0000-0000-0000-000000000003')
ON CONFLICT (id) DO NOTHING;

-- ---------------------------------------------------------------------------
-- WORKFLOW STEPS — TCS-001 history
-- ---------------------------------------------------------------------------
INSERT INTO workflow_steps (workflow_id, stage, action, actor_id, comment, signature_hash, created_at) VALUES
    ('40000000-0000-0000-0000-000000000001', 'draft',             'submit',  'a1000000-0000-0000-0000-000000000002', 'Initial submission — CATL 280Ah datasheet v3.1',          encode(digest('step1', 'sha256'), 'hex'), NOW() - INTERVAL '8 days'),
    ('40000000-0000-0000-0000-000000000001', 'engineering_review','approve', 'a1000000-0000-0000-0000-000000000003', 'Electrical parameters verified. Origin flag noted.',       encode(digest('step2', 'sha256'), 'hex'), NOW() - INTERVAL '5 days'),
    ('40000000-0000-0000-0000-000000000006', 'draft',             'submit',  'a1000000-0000-0000-0000-000000000002', 'EVE LF280K — first submission',                           encode(digest('step3', 'sha256'), 'hex'), NOW() - INTERVAL '12 days'),
    ('40000000-0000-0000-0000-000000000006', 'engineering_review','reject',  'a1000000-0000-0000-0000-000000000003', 'Cycle life claim unsubstantiated. Resubmit with test cert.',encode(digest('step4', 'sha256'), 'hex'), NOW() - INTERVAL '9 days')
ON CONFLICT DO NOTHING;

-- =============================================================================
-- SEED COMPLETE
-- =============================================================================
